Ville,Lien,Jean-Luc Mélenchon,Emmanuel Macron,Marine Le Pen,Éric Zemmour,Valérie Pécresse,Yannick Jadot,Fabien Roussel,Jean Lassalle,Nicolas Dupont-Aignan,Anne Hidalgo,Philippe Poutou,Nathalie Arthaud,Taux de participation,Taux d'abstention,Votes blancs (en pourcentage des votes exprimés),Votes nuls (en pourcentage des votes exprimés),Nombre de votants
sept-sorts,https://election-presidentielle.linternaute.com/resultats/resultat-de-la-presidentielle-a-sept-sorts/ville-77448,24.67,24.33,28.67,5.00,8.33,3.00,3.00,1.00,1.33,0.33,0.33,0.00,81.33,18.67,1.64,0.0,305.0
chalautre-la-grande,https://election-presidentielle.linternaute.com/resultats/resultat-de-la-presidentielle-a-chalautre-la-grande/ville-77072,14.93,17.31,37.31,7.76,12.24,2.39,2.09,2.99,2.09,0.60,0.00,0.30,75.05,24.95,2.31,0.87,346.0
buthiers,https://election-presidentielle.linternaute.com/resultats/resultat-de-la-presidentielle-a-buthiers/ville-77060,16.36,24.07,23.60,9.35,8.64,6.78,3.50,3.97,2.34,0.70,0.23,0.47,82.14,17.86,1.6,0.46,437.0
saint-augustin,https://election-presidentielle.linternaute.com/resultats/resultat-de-la-presidentielle-a-saint-augustin/ville-77400,17.49,27.13,29.87,7.56,4.73,4.16,1.61,2.17,3.21,0.66,0.76,0.66,77.95,22.05,1.48,0.37,1 078
hondevilliers,https://election-presidentielle.linternaute.com/resultats/resultat-de-la-presidentielle-a-hondevilliers/ville-77228,16.23,19.48,37.66,8.44,7.79,1.30,0.65,1.95,4.55,0.65,0.65,0.65,75.59,24.41,1.86,2.48,161.0
leudon-en-brie,https://election-presidentielle.linternaute.com/resultats/resultat-de-la-presidentielle-a-leudon-en-brie/ville-77250,11.58,17.89,33.68,10.53,12.63,4.21,0.00,2.11,5.26,0.00,2.11,0.00,85.09,14.91,2.06,0.0,97.0
mery-sur-marne,https://election-presidentielle.linternaute.com/resultats/resultat-de-la-presidentielle-a-mery-sur-marne/ville-77290,21.07,24.04,26.71,5.34,4.15,5.34,2.97,3.56,4.45,1.48,0.59,0.30,73.97,26.03,1.17,0.0,341.0
ferrieres-en-brie,https://election-presidentielle.linternaute.com/resultats/resultat-de-la-presidentielle-a-ferrieres-en-brie/ville-77181,21.64,30.44,19.77,7.45,5.87,5.57,1.17,2.52,3.11,1.35,0.47,0.65,83.51,16.49,2.17,0.51,1 752
sognolles-en-montois,https://election-presidentielle.linternaute.com/resultats/resultat-de-la-presidentielle-a-sognolles-en-montois/ville-77454,17.86,20.24,31.35,12.70,3.97,5.56,3.17,0.40,3.97,0.00,0.79,0.00,79.03,20.97,3.08,0.0,260.0
salins,https://election-presidentielle.linternaute.com/resultats/resultat-de-la-presidentielle-a-salins/ville-77439,21.29,17.04,33.56,9.54,4.94,3.75,2.90,2.73,2.04,0.68,1.02,0.51,74.47,25.53,0.17,2.16,601.0
chambry,https://election-presidentielle.linternaute.com/resultats/resultat-de-la-presidentielle-a-chambry/ville-77077,13.09,25.64,30.18,6.55,8.18,6.00,1.64,2.18,4.00,1.09,1.09,0.36,77.56,22.44,2.29,0.71,567.0
la-grande-paroisse,https://election-presidentielle.linternaute.com/resultats/resultat-de-la-presidentielle-a-la-grande-paroisse/ville-77210,23.91,17.92,34.11,7.24,6.34,2.76,1.45,2.41,1.52,1.24,0.55,0.55,76.06,23.94,1.55,0.67,1 484
jouarre,https://election-presidentielle.linternaute.com/resultats/resultat-de-la-presidentielle-a-jouarre/ville-77238,22.01,21.13,32.13,7.15,5.89,2.30,2.61,1.46,2.82,0.94,1.25,0.31,70.65,29.35,1.68,0.71,1 964
mortery,https://election-presidentielle.linternaute.com/resultats/resultat-de-la-presidentielle-a-mortery/ville-77319,11.84,38.16,30.26,3.95,13.16,0.00,1.32,0.00,0.00,1.32,0.00,0.00,74.29,25.71,1.28,1.28,78.0
mortcerf,https://election-presidentielle.linternaute.com/resultats/resultat-de-la-presidentielle-a-mortcerf/ville-77318,15.05,25.25,29.73,8.58,7.96,4.10,1.99,2.74,2.99,0.62,0.37,0.62,82.01,17.99,2.06,0.48,825.0
vinantes,https://election-presidentielle.linternaute.com/resultats/resultat-de-la-presidentielle-a-vinantes/ville-77525,20.36,13.77,46.71,4.79,2.99,2.99,1.20,2.40,1.20,1.80,1.80,0.00,72.65,27.35,1.18,0.59,170.0
pamfou,https://election-presidentielle.linternaute.com/resultats/resultat-de-la-presidentielle-a-pamfou/ville-77354,17.81,24.49,30.98,4.82,4.08,4.45,3.15,4.64,3.71,0.74,0.56,0.56,79.8,20.2,2.33,0.9,557.0
vaudoy-en-brie,https://election-presidentielle.linternaute.com/resultats/resultat-de-la-presidentielle-a-vaudoy-en-brie/ville-77486,16.13,22.37,33.55,6.67,7.96,4.30,1.08,2.58,3.87,0.65,0.65,0.22,79.53,20.47,0.85,0.21,470.0
saint-martin-en-biere,https://election-presidentielle.linternaute.com/resultats/resultat-de-la-presidentielle-a-saint-martin-en-biere/ville-77425,8.98,34.93,19.16,13.77,11.18,5.19,1.60,1.00,3.39,0.40,0.40,0.00,80.28,19.72,1.18,0.39,509.0
saacy-sur-marne,https://election-presidentielle.linternaute.com/resultats/resultat-de-la-presidentielle-a-saacy-sur-marne/ville-77397,19.56,18.92,34.04,9.73,4.55,3.59,2.01,1.69,3.07,1.06,0.63,1.16,76.22,23.78,2.06,0.51,971.0
cesson,https://election-presidentielle.linternaute.com/resultats/resultat-de-la-presidentielle-a-cesson/ville-77067,26.54,28.02,18.32,6.30,5.18,5.73,1.79,2.14,2.47,1.90,0.85,0.78,78.32,21.68,1.69,0.54,5 928
aulnoy,https://election-presidentielle.linternaute.com/resultats/resultat-de-la-presidentielle-a-aulnoy/ville-77013,16.89,27.56,24.44,8.00,10.67,3.56,1.78,3.11,1.78,1.78,0.44,0.00,76.14,23.86,3.0,0.43,233.0
villeneuve-les-bordes,https://election-presidentielle.linternaute.com/resultats/resultat-de-la-presidentielle-a-villeneuve-les-bordes/ville-77509,16.30,12.85,49.22,5.96,3.45,2.51,0.94,2.19,4.70,0.94,0.63,0.31,78.4,21.6,0.93,0.31,323.0
meaux,https://election-presidentielle.linternaute.com/resultats/resultat-de-la-presidentielle-a-meaux/ville-77284/,37.54,21.02,19.66,5.62,5.96,3.18,1.57,1.65,1.62,1.01,0.74,0.43,68.94,31.06,1.51,0.69,19 717
luzancy,https://election-presidentielle.linternaute.com/resultats/resultat-de-la-presidentielle-a-luzancy/ville-77265,21.69,20.31,32.53,6.37,3.79,4.13,2.41,1.72,4.65,0.52,0.86,1.03,74.71,25.29,1.19,0.0,588.0
vimpelles,https://election-presidentielle.linternaute.com/resultats/resultat-de-la-presidentielle-a-vimpelles/ville-77524,14.29,14.91,46.27,8.07,6.21,2.17,2.17,1.55,2.80,0.00,0.93,0.62,78.04,21.96,1.53,0.0,327.0
touquin,https://election-presidentielle.linternaute.com/resultats/resultat-de-la-presidentielle-a-touquin/ville-77469,16.21,22.43,34.01,8.83,4.49,4.92,1.88,2.60,2.46,1.30,0.43,0.43,77.28,22.72,2.25,0.56,711.0
jaignes,https://election-presidentielle.linternaute.com/resultats/resultat-de-la-presidentielle-a-jaignes/ville-77235,9.38,16.67,45.83,6.77,3.65,6.25,2.08,5.21,1.56,1.56,0.52,0.52,77.25,22.75,2.03,0.51,197.0
arville,https://election-presidentielle.linternaute.com/resultats/resultat-de-la-presidentielle-a-arville/ville-77009,16.67,19.05,29.76,8.33,13.10,1.19,0.00,5.95,1.19,2.38,1.19,1.19,79.44,20.56,0.0,1.18,85.0
saint-barthelemy,https://election-presidentielle.linternaute.com/resultats/resultat-de-la-presidentielle-a-saint-barthelemy/ville-77402,11.44,18.41,39.80,7.46,14.93,2.49,0.50,0.50,1.49,0.50,1.49,1.00,79.54,20.46,0.97,1.46,206.0
saint-leger,https://election-presidentielle.linternaute.com/resultats/resultat-de-la-presidentielle-a-saint-leger/ville-77417,17.46,14.29,36.51,10.32,10.32,1.59,0.79,2.38,2.38,1.59,0.00,2.38,79.25,20.75,0.0,0.0,126.0
isles-les-villenoy,https://election-presidentielle.linternaute.com/resultats/resultat-de-la-presidentielle-a-isles-les-villenoy/ville-77232,20.59,19.67,31.91,9.46,3.90,5.75,1.67,2.04,2.23,1.48,1.11,0.19,78.03,21.97,1.62,1.08,554.0
messy,https://election-presidentielle.linternaute.com/resultats/resultat-de-la-presidentielle-a-messy/ville-77292,18.62,25.69,28.62,9.14,6.03,3.45,1.72,2.76,1.72,1.21,0.69,0.34,83.26,16.74,1.02,0.17,587.0
baby,https://election-presidentielle.linternaute.com/resultats/resultat-de-la-presidentielle-a-baby/ville-77015,11.76,23.53,29.41,13.73,5.88,3.92,1.96,3.92,5.88,0.00,0.00,0.00,77.46,22.54,7.27,0.0,55.0
saint-soupplets,https://election-presidentielle.linternaute.com/resultats/resultat-de-la-presidentielle-a-saint-soupplets/ville-77437,20.50,19.75,34.64,8.95,4.68,2.19,1.96,2.48,2.54,0.98,0.69,0.64,79.11,20.89,1.81,0.23,1 768
armentieres-en-brie,https://election-presidentielle.linternaute.com/resultats/resultat-de-la-presidentielle-a-armentieres-en-brie/ville-77008,14.54,24.56,30.45,12.77,5.50,3.54,2.36,2.16,1.96,1.38,0.39,0.39,64.57,35.43,0.97,0.0,514.0
saint-germain-sous-doue,https://election-presidentielle.linternaute.com/resultats/resultat-de-la-presidentielle-a-saint-germain-sous-doue/ville-77411,10.54,22.04,33.87,8.31,6.07,1.92,5.43,3.51,4.47,0.96,1.60,1.28,80.69,19.31,3.07,0.92,326.0
villiers-saint-georges,https://election-presidentielle.linternaute.com/resultats/resultat-de-la-presidentielle-a-villiers-saint-georges/ville-77519,20.59,15.98,35.42,5.93,12.52,1.65,0.82,2.97,1.81,0.82,0.82,0.66,79.24,20.76,1.93,0.48,622.0
chauconin-neufmontiers,https://election-presidentielle.linternaute.com/resultats/resultat-de-la-presidentielle-a-chauconin-neufmontiers/ville-77335,25.00,24.70,26.89,7.05,4.24,3.11,2.65,1.97,2.50,0.98,0.61,0.30,82.38,17.62,1.42,0.22,1 342
gastins,https://election-presidentielle.linternaute.com/resultats/resultat-de-la-presidentielle-a-gastins/ville-77201,14.78,20.44,41.87,7.88,4.68,2.46,0.25,2.22,2.71,0.25,1.48,0.99,81.2,18.8,3.1,0.0,419.0
voulangis,https://election-presidentielle.linternaute.com/resultats/resultat-de-la-presidentielle-a-voulangis/ville-77529,15.95,26.66,26.23,11.35,7.39,3.53,0.96,2.68,3.64,0.75,0.54,0.32,78.7,21.3,1.68,0.31,953.0
chamigny,https://election-presidentielle.linternaute.com/resultats/resultat-de-la-presidentielle-a-chamigny/ville-77078,22.59,21.54,31.17,7.08,4.07,4.82,1.51,2.86,1.96,1.05,0.75,0.60,77.12,22.88,1.04,0.45,674.0
vignely,https://election-presidentielle.linternaute.com/resultats/resultat-de-la-presidentielle-a-vignely/ville-77498,13.83,29.26,31.91,5.85,6.38,6.91,2.13,2.13,0.53,0.53,0.00,0.53,84.21,15.79,1.56,0.52,192.0
bransles,https://election-presidentielle.linternaute.com/resultats/resultat-de-la-presidentielle-a-bransles/ville-77050,20.86,27.30,26.69,6.13,6.13,3.37,1.53,3.99,2.45,0.61,0.61,0.31,77.67,22.33,1.8,0.6,334.0
oissery,https://election-presidentielle.linternaute.com/resultats/resultat-de-la-presidentielle-a-oissery/ville-77344,19.92,16.69,38.79,7.42,4.52,3.63,1.53,3.47,1.94,0.73,0.81,0.56,81.22,18.78,1.89,0.24,1 267
thieux,https://election-presidentielle.linternaute.com/resultats/resultat-de-la-presidentielle-a-thieux/ville-77462,32.63,12.69,31.42,6.95,6.34,1.51,2.42,1.21,1.51,1.51,1.51,0.30,72.84,27.16,1.78,0.3,338.0
cocherel,https://election-presidentielle.linternaute.com/resultats/resultat-de-la-presidentielle-a-cocherel/ville-77120,15.69,17.23,45.23,7.08,4.62,1.85,0.62,3.69,2.46,0.31,1.23,0.00,78.67,21.33,1.51,0.6,332.0
maisoncelles-en-brie,https://election-presidentielle.linternaute.com/resultats/resultat-de-la-presidentielle-a-maisoncelles-en-brie/ville-77270,12.18,28.55,28.73,11.64,7.09,2.73,2.36,2.18,2.36,1.45,0.73,0.00,78.59,21.41,1.43,0.0,558.0
verneuil-l-etang,https://election-presidentielle.linternaute.com/resultats/resultat-de-la-presidentielle-a-verneuil-l-etang/ville-77493,20.25,21.55,33.91,5.65,4.16,3.35,1.99,2.17,3.85,1.24,1.18,0.68,76.11,23.89,2.23,0.78,1 660
courtry,https://election-presidentielle.linternaute.com/resultats/resultat-de-la-presidentielle-a-courtry/ville-77139,26.11,24.51,27.28,7.05,4.95,3.21,2.04,1.69,1.40,0.70,0.70,0.35,75.8,24.2,1.57,0.43,3 501
amillis,https://election-presidentielle.linternaute.com/resultats/resultat-de-la-presidentielle-a-amillis/ville-77002,15.05,20.83,35.19,9.26,6.48,2.78,0.46,4.86,2.55,1.16,0.69,0.69,78.39,21.61,1.37,0.23,439.0
noisy-rudignon,https://election-presidentielle.linternaute.com/resultats/resultat-de-la-presidentielle-a-noisy-rudignon/ville-77338,16.03,18.27,34.29,9.62,6.73,3.21,3.53,2.56,2.24,1.60,0.96,0.96,79.6,20.4,2.19,0.31,320.0
boisdon,https://election-presidentielle.linternaute.com/resultats/resultat-de-la-presidentielle-a-boisdon/ville-77036,10.00,28.57,25.71,11.43,12.86,4.29,0.00,0.00,4.29,0.00,1.43,1.43,88.89,11.11,1.39,1.39,72.0
roissy-en-brie,https://election-presidentielle.linternaute.com/resultats/resultat-de-la-presidentielle-a-roissy-en-brie/ville-77390,34.35,25.68,17.56,5.80,4.03,4.04,2.28,1.94,1.95,1.27,0.68,0.43,75.3,24.7,1.78,0.62,10 160
sancy-les-provins,https://election-presidentielle.linternaute.com/resultats/resultat-de-la-presidentielle-a-sancy-les-provins/ville-77444,15.84,23.76,37.13,3.47,8.91,1.49,1.49,2.97,1.49,1.98,0.99,0.50,79.84,20.16,1.46,0.49,206.0
bussieres,https://election-presidentielle.linternaute.com/resultats/resultat-de-la-presidentielle-a-bussieres/ville-77057,19.91,25.97,25.54,9.09,9.09,2.60,0.43,2.60,1.30,1.73,0.87,0.87,76.19,23.81,3.33,0.42,240.0
soisy-bouy,https://election-presidentielle.linternaute.com/resultats/resultat-de-la-presidentielle-a-soisy-bouy/ville-77456,16.74,20.17,31.97,7.94,9.66,2.36,2.15,3.86,1.93,1.50,0.64,1.07,79.36,20.64,1.27,0.21,473.0
ocquerre,https://election-presidentielle.linternaute.com/resultats/resultat-de-la-presidentielle-a-ocquerre/ville-77343,14.50,21.50,35.00,10.00,5.50,1.50,3.50,1.50,2.00,0.00,4.50,0.50,74.73,25.27,0.97,2.42,207.0
everly,https://election-presidentielle.linternaute.com/resultats/resultat-de-la-presidentielle-a-everly/ville-77174,16.92,20.00,34.77,7.38,7.69,2.15,1.85,2.77,3.38,1.54,0.92,0.62,71.79,28.21,2.68,0.6,336.0
champdeuil,https://election-presidentielle.linternaute.com/resultats/resultat-de-la-presidentielle-a-champdeuil/ville-77081,20.39,18.46,34.16,5.23,5.79,4.13,1.38,2.20,3.86,2.20,1.65,0.55,86.31,13.69,2.15,0.27,372.0
maincy,https://election-presidentielle.linternaute.com/resultats/resultat-de-la-presidentielle-a-maincy/ville-77269,16.70,27.80,27.70,6.92,5.91,4.99,2.65,2.55,2.34,1.12,0.81,0.51,76.3,23.7,2.18,0.69,1 011
mouy-sur-seine,https://election-presidentielle.linternaute.com/resultats/resultat-de-la-presidentielle-a-mouy-sur-seine/ville-77325,12.20,17.56,40.00,11.22,11.71,0.49,0.49,1.46,2.93,0.49,0.49,0.98,72.92,27.08,1.9,0.48,210.0
sigy,https://election-presidentielle.linternaute.com/resultats/resultat-de-la-presidentielle-a-sigy/ville-77452,14.52,14.52,25.81,17.74,24.19,3.23,0.00,0.00,0.00,0.00,0.00,0.00,94.03,5.97,1.59,0.0,63.0
dammarie-les-lys,https://election-presidentielle.linternaute.com/resultats/resultat-de-la-presidentielle-a-dammarie-les-lys/ville-77152,37.11,22.19,17.65,6.20,4.96,3.86,2.28,1.79,1.76,1.04,0.62,0.55,67.22,32.78,1.05,0.63,8 086
courpalay,https://election-presidentielle.linternaute.com/resultats/resultat-de-la-presidentielle-a-courpalay/ville-77135,16.14,19.18,38.49,9.52,4.76,2.38,2.25,1.59,2.91,0.79,0.93,1.06,72.99,27.01,1.55,0.65,773.0
thoury-ferottes,https://election-presidentielle.linternaute.com/resultats/resultat-de-la-presidentielle-a-thoury-ferottes/ville-77465,18.62,19.39,35.20,9.18,5.36,4.08,0.77,2.55,3.32,0.51,0.26,0.77,83.75,16.25,1.99,0.5,402.0
nanteau-sur-lunain,https://election-presidentielle.linternaute.com/resultats/resultat-de-la-presidentielle-a-nanteau-sur-lunain/ville-77329,12.83,24.34,32.89,8.55,2.96,2.30,2.63,3.95,5.26,1.97,0.66,1.64,79.24,20.76,1.92,0.96,313.0
guerard,https://election-presidentielle.linternaute.com/resultats/resultat-de-la-presidentielle-a-guerard/ville-77219,16.56,27.79,28.29,8.88,4.98,4.34,1.78,2.70,2.35,1.00,0.92,0.43,83.12,16.88,1.46,0.7,1 438
coulommiers,https://election-presidentielle.linternaute.com/resultats/resultat-de-la-presidentielle-a-coulommiers/ville-77131,23.39,25.38,27.70,6.25,5.32,3.31,1.84,1.99,1.96,1.17,0.99,0.70,67.99,32.01,1.34,0.96,6 275
fontainebleau,https://election-presidentielle.linternaute.com/resultats/resultat-de-la-presidentielle-a-fontainebleau/ville-77186,17.91,33.80,12.50,12.15,9.72,6.77,1.45,1.78,1.85,1.14,0.62,0.31,79.47,20.53,1.31,0.4,7 585
saint-mammes,https://election-presidentielle.linternaute.com/resultats/resultat-de-la-presidentielle-a-saint-mammes/ville-77419,26.18,22.34,28.38,5.28,4.12,3.71,2.32,2.26,2.55,1.28,0.93,0.64,74.63,25.37,1.25,0.63,1 756
villuis,https://election-presidentielle.linternaute.com/resultats/resultat-de-la-presidentielle-a-villuis/ville-77523,,,,,,,,,,,,,,,,,
villenauxe-la-petite,https://election-presidentielle.linternaute.com/resultats/resultat-de-la-presidentielle-a-villenauxe-la-petite/ville-77507,,,,,,,,,,,,,,,,,
champagne-sur-seine,https://election-presidentielle.linternaute.com/resultats/resultat-de-la-presidentielle-a-champagne-sur-seine/ville-77079,,,,,,,,,,,,,,,,,
fublaines,https://election-presidentielle.linternaute.com/resultats/resultat-de-la-presidentielle-a-fublaines/ville-77199,23.85,22.81,29.93,7.11,5.19,3.56,1.19,1.63,2.81,0.74,0.59,0.59,75.57,24.43,2.73,0.29,696.0
evry-gregy-sur-yerre,https://election-presidentielle.linternaute.com/resultats/resultat-de-la-presidentielle-a-evry-gregy-sur-yerre/ville-77175,17.78,28.17,25.81,7.27,6.67,4.90,2.07,2.42,2.78,1.18,0.59,0.35,79.45,20.55,1.85,0.4,1 732
mons-en-montois,https://election-presidentielle.linternaute.com/resultats/resultat-de-la-presidentielle-a-mons-en-montois/ville-77298,,,,,,,,,,,,,,,,,
conches-sur-gondoire,https://election-presidentielle.linternaute.com/resultats/resultat-de-la-presidentielle-a-conches-sur-gondoire/ville-77124,,,,,,,,,,,,,,,,,
varreddes,https://election-presidentielle.linternaute.com/resultats/resultat-de-la-presidentielle-a-varreddes/ville-77483,,,,,,,,,,,,,,,,,
moissy-cramayel,https://election-presidentielle.linternaute.com/resultats/resultat-de-la-presidentielle-a-moissy-cramayel/ville-77296,,,,,,,,,,,,,,,,,
pierre-levee,https://election-presidentielle.linternaute.com/resultats/resultat-de-la-presidentielle-a-pierre-levee/ville-77361,,,,,,,,,,,,,,,,,
chenou,https://election-presidentielle.linternaute.com/resultats/resultat-de-la-presidentielle-a-chenou/ville-77110,,,,,,,,,,,,,,,,,
la-houssaye-en-brie,https://election-presidentielle.linternaute.com/resultats/resultat-de-la-presidentielle-a-la-houssaye-en-brie/ville-77229,,,,,,,,,,,,,,,,,
rubelles,https://election-presidentielle.linternaute.com/resultats/resultat-de-la-presidentielle-a-rubelles/ville-77394,,,,,,,,,,,,,,,,,
montereau-sur-le-jard,https://election-presidentielle.linternaute.com/resultats/resultat-de-la-presidentielle-a-montereau-sur-le-jard/ville-77306,,,,,,,,,,,,,,,,,
montry,https://election-presidentielle.linternaute.com/resultats/resultat-de-la-presidentielle-a-montry/ville-77315,,,,,,,,,,,,,,,,,
saint-martin-des-champs,https://election-presidentielle.linternaute.com/resultats/resultat-de-la-presidentielle-a-saint-martin-des-champs/ville-77423,,,,,,,,,,,,,,,,,
gouvernes,https://election-presidentielle.linternaute.com/resultats/resultat-de-la-presidentielle-a-gouvernes/ville-77209,,,,,,,,,,,,,,,,,
gironville,https://election-presidentielle.linternaute.com/resultats/resultat-de-la-presidentielle-a-gironville/ville-77207,,,,,,,,,,,,,,,,,
,,,,,,,,,,
dammartin-en-goele,https://election-presidentielle.linternaute.com/resultats/resultat-de-la-presidentielle-a-dammartin-en-goele/ville-77153,,,,,,,,,,,,,,,,,
couilly-pont-aux-dames,https://election-presidentielle.linternaute.com/resultats/resultat-de-la-presidentielle-a-couilly-pont-aux-dames/ville-77128,,,,,,,,,,,,,,,,,
conde-sainte-libiaire,https://election-presidentielle.linternaute.com/resultats/resultat-de-la-presidentielle-a-conde-sainte-libiaire/ville-77125,,,,,,,,,,,,,,,,,
saint-remy-la-vanne,https://election-presidentielle.linternaute.com/resultats/resultat-de-la-presidentielle-a-saint-remy-la-vanne/ville-77432,,,,,,,,,,,,,,,,,
aubepierre-ozouer-le-repos,https://election-presidentielle.linternaute.com/resultats/resultat-de-la-presidentielle-a-aubepierre-ozouer-le-repos/ville-77010,,,,,,,,,,,,,,,,,
bourron-marlotte,https://election-presidentielle.linternaute.com/resultats/resultat-de-la-presidentielle-a-bourron-marlotte/ville-77048,,,,,,,,,,,,,,,,,
sainte-colombe,https://election-presidentielle.linternaute.com/resultats/resultat-de-la-presidentielle-a-sainte-colombe/ville-77404,,,,,,,,,,,,,,,,,
marolles-en-brie,https://election-presidentielle.linternaute.com/resultats/resultat-de-la-presidentielle-a-marolles-en-brie/ville-77278,,,,,,,,,,,,,,,,,
vulaines-sur-seine,https://election-presidentielle.linternaute.com/resultats/resultat-de-la-presidentielle-a-vulaines-sur-seine/ville-77533,17.58,33.01,19.18,8.54,7.50,5.04,2.15,2.34,2.52,1.72,0.18,0.25,79.65,20.35,1.45,0.3,1 656
saint-sauveur-les-bray,https://election-presidentielle.linternaute.com/resultats/resultat-de-la-presidentielle-a-saint-sauveur-les-bray/ville-77434,10.92,21.40,38.43,11.79,10.04,0.87,0.00,2.18,3.06,0.87,0.00,0.44,80.48,19.52,1.7,0.85,235.0
vaucourtois,https://election-presidentielle.linternaute.com/resultats/resultat-de-la-presidentielle-a-vaucourtois/ville-77484,15.58,28.57,35.71,4.55,3.90,3.25,0.65,3.90,1.95,0.00,0.65,1.30,81.87,18.13,1.9,0.63,158.0
choisy-en-brie,https://election-presidentielle.linternaute.com/resultats/resultat-de-la-presidentielle-a-choisy-en-brie/ville-77116,12.98,23.07,38.67,6.91,6.91,2.49,1.10,2.49,3.18,0.55,1.24,0.41,78.66,21.34,1.35,0.94,741.0
le-plessis-feu-aussoux,https://election-presidentielle.linternaute.com/resultats/resultat-de-la-presidentielle-a-le-plessis-feu-aussoux/ville-77365,15.12,21.91,32.41,9.26,10.19,3.09,2.16,2.16,2.47,0.93,0.31,0.00,80.73,19.27,1.21,0.91,331.0
doue,https://election-presidentielle.linternaute.com/resultats/resultat-de-la-presidentielle-a-doue/ville-77162,16.46,24.44,32.06,7.80,7.80,3.64,1.39,1.73,2.25,1.04,0.69,0.69,78.78,21.22,0.34,0.69,583.0
presles-en-brie,https://election-presidentielle.linternaute.com/resultats/resultat-de-la-presidentielle-a-presles-en-brie/ville-77377,17.27,26.32,27.63,7.65,6.09,4.85,1.89,3.04,2.47,1.07,0.82,0.90,78.84,21.16,2.4,0.48,1 252
montenils,https://election-presidentielle.linternaute.com/resultats/resultat-de-la-presidentielle-a-montenils/ville-77304,10.71,17.86,39.29,21.43,10.71,0.00,0.00,0.00,0.00,0.00,0.00,0.00,77.78,22.22,0.0,0.0,28.0
jouy-le-chatel,https://election-presidentielle.linternaute.com/resultats/resultat-de-la-presidentielle-a-jouy-le-chatel/ville-77239,15.60,19.51,38.75,7.02,8.71,1.30,1.17,2.86,2.60,0.65,1.04,0.78,79.94,20.06,1.02,0.51,781.0
chevry-cossigny,https://election-presidentielle.linternaute.com/resultats/resultat-de-la-presidentielle-a-chevry-cossigny/ville-77114,17.44,28.26,27.44,8.08,4.93,6.44,2.01,1.83,2.01,0.73,0.64,0.18,77.94,22.06,2.18,0.49,2 250
passy-sur-seine,https://election-presidentielle.linternaute.com/resultats/resultat-de-la-presidentielle-a-passy-sur-seine/ville-77356,7.32,9.76,29.27,14.63,24.39,4.88,2.44,4.88,0.00,0.00,0.00,2.44,81.48,18.52,0.0,6.82,44.0
saint-cyr-sur-morin,https://election-presidentielle.linternaute.com/resultats/resultat-de-la-presidentielle-a-saint-cyr-sur-morin/ville-77405,18.86,19.13,29.51,11.01,5.51,4.96,2.53,2.89,3.07,0.54,1.35,0.63,79.17,20.83,1.51,0.35,1 129
flagy,https://election-presidentielle.linternaute.com/resultats/resultat-de-la-presidentielle-a-flagy/ville-77184,19.70,22.73,25.51,8.59,6.06,6.57,1.77,3.54,3.03,1.26,0.76,0.51,79.73,20.27,3.18,0.0,409.0
cregy-les-meaux,https://election-presidentielle.linternaute.com/resultats/resultat-de-la-presidentielle-a-cregy-les-meaux/ville-77143,29.56,24.44,24.00,6.50,4.34,3.04,1.58,2.05,1.89,1.26,0.67,0.67,76.72,23.28,2.37,0.54,2 613
combs-la-ville,https://election-presidentielle.linternaute.com/resultats/resultat-de-la-presidentielle-a-combs-la-ville/ville-77122,30.73,25.37,19.17,5.67,5.22,4.20,2.29,2.17,2.87,1.15,0.72,0.45,72.98,27.02,1.27,0.4,10 499
sammeron,https://election-presidentielle.linternaute.com/resultats/resultat-de-la-presidentielle-a-sammeron/ville-77440,18.03,23.68,34.43,6.56,5.28,3.46,2.00,2.19,0.73,0.73,1.64,1.28,75.83,24.17,2.64,0.7,568.0
tancrou,https://election-presidentielle.linternaute.com/resultats/resultat-de-la-presidentielle-a-tancrou/ville-77460,15.74,13.20,34.01,19.80,3.55,3.55,1.52,4.06,1.52,1.02,2.03,0.00,76.63,23.37,1.0,0.5,200.0
melun,https://election-presidentielle.linternaute.com/resultats/resultat-de-la-presidentielle-a-melun/ville-77288/,38.04,23.12,16.40,6.43,4.48,3.76,1.45,1.72,1.81,1.40,0.71,0.67,65.88,34.12,1.33,0.55,12 432
barbizon,https://election-presidentielle.linternaute.com/resultats/resultat-de-la-presidentielle-a-barbizon/ville-77022,12.01,35.04,13.91,18.42,10.21,4.50,1.20,1.20,2.00,0.70,0.40,0.40,80.62,19.38,0.89,0.3,1 011
egreville,https://election-presidentielle.linternaute.com/resultats/resultat-de-la-presidentielle-a-egreville/ville-77168,17.29,21.29,32.38,10.52,5.71,3.02,1.88,3.02,2.94,0.82,0.65,0.49,77.36,22.64,1.91,0.32,1 254
gesvres-le-chapitre,https://election-presidentielle.linternaute.com/resultats/resultat-de-la-presidentielle-a-gesvres-le-chapitre/ville-77205,5.94,20.79,41.58,4.95,10.89,6.93,0.99,2.97,4.95,0.00,0.00,0.00,87.39,12.61,2.88,0.0,104.0
lagny-sur-marne,https://election-presidentielle.linternaute.com/resultats/resultat-de-la-presidentielle-a-lagny-sur-marne/ville-77243,27.30,29.10,16.19,7.06,6.11,5.87,1.83,2.21,1.84,1.52,0.60,0.39,76.87,23.13,1.36,0.49,10 160
marchemoret,https://election-presidentielle.linternaute.com/resultats/resultat-de-la-presidentielle-a-marchemoret/ville-77273,18.24,17.30,38.36,11.01,3.77,2.20,1.89,2.83,2.83,1.26,0.31,0.00,79.31,20.69,0.93,0.31,322.0
fleury-en-biere,https://election-presidentielle.linternaute.com/resultats/resultat-de-la-presidentielle-a-fleury-en-biere/ville-77185,9.64,30.71,22.84,14.21,8.12,5.84,0.76,3.55,3.30,0.76,0.25,0.00,80.97,19.03,1.0,0.5,400.0
seine-port,https://election-presidentielle.linternaute.com/resultats/resultat-de-la-presidentielle-a-seine-port/ville-77447,15.22,32.02,17.39,11.20,8.19,6.35,2.42,2.26,2.42,1.84,0.33,0.33,81.68,18.32,1.48,0.25,1 217
montigny-lencoup,https://election-presidentielle.linternaute.com/resultats/resultat-de-la-presidentielle-a-montigny-lencoup/ville-77311,19.58,19.97,28.84,9.52,7.14,3.31,2.51,1.85,3.84,0.79,1.85,0.79,79.22,20.78,1.68,0.65,774.0
saint-mesmes,https://election-presidentielle.linternaute.com/resultats/resultat-de-la-presidentielle-a-saint-mesmes/ville-77427,12.89,22.41,38.66,9.80,7.56,1.40,3.08,1.68,0.84,0.28,0.56,0.84,83.76,16.24,1.11,0.0,361.0
courtomer,https://election-presidentielle.linternaute.com/resultats/resultat-de-la-presidentielle-a-courtomer/ville-77138,23.24,14.98,29.05,9.79,4.89,5.50,2.45,1.83,4.89,0.31,2.45,0.61,79.86,20.14,2.08,0.89,337.0
avon,https://election-presidentielle.linternaute.com/resultats/resultat-de-la-presidentielle-a-avon/ville-77014,26.71,27.02,16.09,7.32,7.64,6.30,1.72,2.17,2.42,1.69,0.56,0.35,74.59,25.41,1.39,0.52,6 392
villeparisis,https://election-presidentielle.linternaute.com/resultats/resultat-de-la-presidentielle-a-villeparisis/ville-77514,37.91,20.45,21.05,6.36,3.32,2.94,2.45,1.60,1.62,1.17,0.66,0.47,71.85,28.15,1.42,0.47,10 129
chelles,https://election-presidentielle.linternaute.com/resultats/resultat-de-la-presidentielle-a-chelles/ville-77108/,35.19,25.03,17.12,6.08,5.03,3.87,1.83,1.80,1.61,1.37,0.61,0.47,72.2,27.8,1.48,0.68,23 844
rampillon,https://election-presidentielle.linternaute.com/resultats/resultat-de-la-presidentielle-a-rampillon/ville-77383,16.63,21.78,33.72,6.56,10.54,2.11,1.64,1.64,2.58,1.41,1.17,0.23,78.77,21.23,0.92,0.69,434.0
fretoy,https://election-presidentielle.linternaute.com/resultats/resultat-de-la-presidentielle-a-fretoy/ville-77197,15.63,19.79,35.42,9.38,6.25,3.13,0.00,5.21,1.04,2.08,2.08,0.00,85.96,14.04,2.04,0.0,98.0
dampmart,https://election-presidentielle.linternaute.com/resultats/resultat-de-la-presidentielle-a-dampmart/ville-77155,22.42,26.88,23.04,6.89,5.59,5.87,1.64,2.43,3.56,0.79,0.45,0.45,76.64,23.36,1.39,0.11,1 798
fay-les-nemours,https://election-presidentielle.linternaute.com/resultats/resultat-de-la-presidentielle-a-fay-les-nemours/ville-77178,,,,,,,,,,,,,,,,,
remauville,https://election-presidentielle.linternaute.com/resultats/resultat-de-la-presidentielle-a-remauville/ville-77387,,,,,,,,,,,,,,,,,
forges,https://election-presidentielle.linternaute.com/resultats/resultat-de-la-presidentielle-a-forges/ville-77194,,,,,,,,,,,,,,,,,
boissettes,https://election-presidentielle.linternaute.com/resultats/resultat-de-la-presidentielle-a-boissettes/ville-77038,,,,,,,,,,,,,,,,,
rumont,https://election-presidentielle.linternaute.com/resultats/resultat-de-la-presidentielle-a-rumont/ville-77395,,,,,,,,,,,,,,,,,
thorigny-sur-marne,https://election-presidentielle.linternaute.com/resultats/resultat-de-la-presidentielle-a-thorigny-sur-marne/ville-77464,,,,,,,,,,,,,,,,,
sivry-courtry,https://election-presidentielle.linternaute.com/resultats/resultat-de-la-presidentielle-a-sivry-courtry/ville-77453,,,,,,,,,,,,,,,,,
chanteloup-en-brie,https://election-presidentielle.linternaute.com/resultats/resultat-de-la-presidentielle-a-chanteloup-en-brie/ville-77085,,,,,,,,,,,,,,,,,
mauperthuis,https://election-presidentielle.linternaute.com/resultats/resultat-de-la-presidentielle-a-mauperthuis/ville-77281,,,,,,,,,,,,,,,,,
pontcarre,https://election-presidentielle.linternaute.com/resultats/resultat-de-la-presidentielle-a-pontcarre/ville-77374,,,,,,,,,,,,,,,,,
bernay-vilbert,https://election-presidentielle.linternaute.com/resultats/resultat-de-la-presidentielle-a-bernay-vilbert/ville-77031,,,,,,,,,,,,,,,,,
