ville;lien
Chelles (77500);https://www.journaldunet.com/management/ville/chelles/ville-77108/
Meaux (77100);https://www.journaldunet.com/management/ville/meaux/ville-77284/
Melun (77000);https://www.journaldunet.com/management/ville/melun/ville-77288/
Pontault-Combault (77340);https://www.journaldunet.com/management/ville/pontault-combault/ville-77373/
Achères-la-Forêt (77760);https://www.journaldunet.com/management/ville/acheres-la-foret/ville-77001
Amillis (77120);https://www.journaldunet.com/management/ville/amillis/ville-77002
Amponville (77760);https://www.journaldunet.com/management/ville/amponville/ville-77003
Andrezel (77390);https://www.journaldunet.com/management/ville/andrezel/ville-77004
Annet-sur-Marne (77410);https://www.journaldunet.com/management/ville/annet-sur-marne/ville-77005
Arbonne-la-Forêt (77630);https://www.journaldunet.com/management/ville/arbonne-la-foret/ville-77006
Argentières (77390);https://www.journaldunet.com/management/ville/argentieres/ville-77007
Armentières-en-Brie (77440);https://www.journaldunet.com/management/ville/armentieres-en-brie/ville-77008
Arville (77890);https://www.journaldunet.com/management/ville/arville/ville-77009
Aubepierre-Ozouer-le-Repos (77720);https://www.journaldunet.com/management/ville/aubepierre-ozouer-le-repos/ville-77010
Aufferville (77570);https://www.journaldunet.com/management/ville/aufferville/ville-77011
Augers-en-Brie (77560);https://www.journaldunet.com/management/ville/augers-en-brie/ville-77012
Aulnoy (77120);https://www.journaldunet.com/management/ville/aulnoy/ville-77013
Avon (77210);https://www.journaldunet.com/management/ville/avon/ville-77014
Baby (77480);https://www.journaldunet.com/management/ville/baby/ville-77015
Bagneaux-sur-Loing (77167);https://www.journaldunet.com/management/ville/bagneaux-sur-loing/ville-77016
Bailly-Romainvilliers (77700);https://www.journaldunet.com/management/ville/bailly-romainvilliers/ville-77018
Balloy (77118);https://www.journaldunet.com/management/ville/balloy/ville-77019
Bannost-Villegagnon (77970);https://www.journaldunet.com/management/ville/bannost-villegagnon/ville-77020
Barbey (77130);https://www.journaldunet.com/management/ville/barbey/ville-77021
Barbizon (77630);https://www.journaldunet.com/management/ville/barbizon/ville-77022
Barcy (77910);https://www.journaldunet.com/management/ville/barcy/ville-77023
Bassevelle (77750);https://www.journaldunet.com/management/ville/bassevelle/ville-77024
Bazoches-lès-Bray (77118);https://www.journaldunet.com/management/ville/bazoches-les-bray/ville-77025
Beauchery-Saint-Martin (77560);https://www.journaldunet.com/management/ville/beauchery-saint-martin/ville-77026
Beaumont-du-Gâtinais (77890);https://www.journaldunet.com/management/ville/beaumont-du-gatinais/ville-77027
Beautheil-Saints (77120);https://www.journaldunet.com/management/ville/beautheil-saints/ville-77433
Beauvoir (77390);https://www.journaldunet.com/management/ville/beauvoir/ville-77029
Bellot (77510);https://www.journaldunet.com/management/ville/bellot/ville-77030
Bernay-Vilbert (77540);https://www.journaldunet.com/management/ville/bernay-vilbert/ville-77031
Beton-Bazoches (77320);https://www.journaldunet.com/management/ville/beton-bazoches/ville-77032
Bezalles (77970);https://www.journaldunet.com/management/ville/bezalles/ville-77033
Blandy (77115);https://www.journaldunet.com/management/ville/blandy/ville-77034
Blennes (77940);https://www.journaldunet.com/management/ville/blennes/ville-77035
Bois-le-Roi (77590);https://www.journaldunet.com/management/ville/bois-le-roi/ville-77037
Boisdon (77970);https://www.journaldunet.com/management/ville/boisdon/ville-77036
Boissettes (77350);https://www.journaldunet.com/management/ville/boissettes/ville-77038
Boissise-la-Bertrand (77350);https://www.journaldunet.com/management/ville/boissise-la-bertrand/ville-77039
Boissise-le-Roi (77310);https://www.journaldunet.com/management/ville/boissise-le-roi/ville-77040
Boissy-aux-Cailles (77760);https://www.journaldunet.com/management/ville/boissy-aux-cailles/ville-77041
Boissy-le-Châtel (77169);https://www.journaldunet.com/management/ville/boissy-le-chatel/ville-77042
Boitron (77750);https://www.journaldunet.com/management/ville/boitron/ville-77043
Bombon (77720);https://www.journaldunet.com/management/ville/bombon/ville-77044
Bougligny (77570);https://www.journaldunet.com/management/ville/bougligny/ville-77045
Boulancourt (77760);https://www.journaldunet.com/management/ville/boulancourt/ville-77046
Bouleurs (77580);https://www.journaldunet.com/management/ville/bouleurs/ville-77047
Bourron-Marlotte (77780);https://www.journaldunet.com/management/ville/bourron-marlotte/ville-77048
Boutigny (77470);https://www.journaldunet.com/management/ville/boutigny/ville-77049
Bransles (77620);https://www.journaldunet.com/management/ville/bransles/ville-77050
Bray-sur-Seine (77480);https://www.journaldunet.com/management/ville/bray-sur-seine/ville-77051
Bréau (77720);https://www.journaldunet.com/management/ville/breau/ville-77052
Brie-Comte-Robert (77170);https://www.journaldunet.com/management/ville/brie-comte-robert/ville-77053
Brou-sur-Chantereine (77177);https://www.journaldunet.com/management/ville/brou-sur-chantereine/ville-77055
Burcy (77760);https://www.journaldunet.com/management/ville/burcy/ville-77056
Bussières (77750);https://www.journaldunet.com/management/ville/bussieres/ville-77057
Bussy-Saint-Georges (77600);https://www.journaldunet.com/management/ville/bussy-saint-georges/ville-77058
Bussy-Saint-Martin (77600);https://www.journaldunet.com/management/ville/bussy-saint-martin/ville-77059
Buthiers (77760);https://www.journaldunet.com/management/ville/buthiers/ville-77060
Cannes-Écluse (77130);https://www.journaldunet.com/management/ville/cannes-ecluse/ville-77061
Carnetin (77400);https://www.journaldunet.com/management/ville/carnetin/ville-77062
Cély (77930);https://www.journaldunet.com/management/ville/cely/ville-77065
Cerneux (77320);https://www.journaldunet.com/management/ville/cerneux/ville-77066
Cesson (77240);https://www.journaldunet.com/management/ville/cesson/ville-77067
Cessoy-en-Montois (77520);https://www.journaldunet.com/management/ville/cessoy-en-montois/ville-77068
Chailly-en-Bière (77930);https://www.journaldunet.com/management/ville/chailly-en-biere/ville-77069
Chailly-en-Brie (77120);https://www.journaldunet.com/management/ville/chailly-en-brie/ville-77070
Chaintreaux (77460);https://www.journaldunet.com/management/ville/chaintreaux/ville-77071
Chalautre-la-Grande (77171);https://www.journaldunet.com/management/ville/chalautre-la-grande/ville-77072
Chalautre-la-Petite (77160);https://www.journaldunet.com/management/ville/chalautre-la-petite/ville-77073
Chalifert (77144);https://www.journaldunet.com/management/ville/chalifert/ville-77075
Chalmaison (77650);https://www.journaldunet.com/management/ville/chalmaison/ville-77076
Chambry (77910);https://www.journaldunet.com/management/ville/chambry/ville-77077
Chamigny (77260);https://www.journaldunet.com/management/ville/chamigny/ville-77078
Champagne-sur-Seine (77430);https://www.journaldunet.com/management/ville/champagne-sur-seine/ville-77079
Champcenest (77560);https://www.journaldunet.com/management/ville/champcenest/ville-77080
Champdeuil (77390);https://www.journaldunet.com/management/ville/champdeuil/ville-77081
Champeaux (77720);https://www.journaldunet.com/management/ville/champeaux/ville-77082
Champs-sur-Marne (77420);https://www.journaldunet.com/management/ville/champs-sur-marne/ville-77083
Changis-sur-Marne (77660);https://www.journaldunet.com/management/ville/changis-sur-marne/ville-77084
Chanteloup-en-Brie (77600);https://www.journaldunet.com/management/ville/chanteloup-en-brie/ville-77085
Charmentray (77410);https://www.journaldunet.com/management/ville/charmentray/ville-77094
Charny (77410);https://www.journaldunet.com/management/ville/charny/ville-77095
Chartrettes (77590);https://www.journaldunet.com/management/ville/chartrettes/ville-77096
Chartronges (77320);https://www.journaldunet.com/management/ville/chartronges/ville-77097
Château-Landon (77570);https://www.journaldunet.com/management/ville/chateau-landon/ville-77099
Châteaubleau (77370);https://www.journaldunet.com/management/ville/chateaubleau/ville-77098
Châtenay-sur-Seine (77126);https://www.journaldunet.com/management/ville/chatenay-sur-seine/ville-77101
Châtenoy (77167);https://www.journaldunet.com/management/ville/chatenoy/ville-77102
Châtillon-la-Borde (77820);https://www.journaldunet.com/management/ville/chatillon-la-borde/ville-77103
Châtres (77610);https://www.journaldunet.com/management/ville/chatres/ville-77104
Chauconin-Neufmontiers (77124);https://www.journaldunet.com/management/ville/chauconin-neufmontiers/ville-77335
Chauffry (77169);https://www.journaldunet.com/management/ville/chauffry/ville-77106
Chaumes-en-Brie (77390);https://www.journaldunet.com/management/ville/chaumes-en-brie/ville-77107
Chelles (77500);https://www.journaldunet.com/management/ville/chelles/ville-77108
Chenoise-Cucharmoy (77160);https://www.journaldunet.com/management/ville/chenoise-cucharmoy/ville-77109
Chenou (77570);https://www.journaldunet.com/management/ville/chenou/ville-77110
Chessy (77700);https://www.journaldunet.com/management/ville/chessy/ville-77111
Chevrainvilliers (77760);https://www.journaldunet.com/management/ville/chevrainvilliers/ville-77112
Chevru (77320);https://www.journaldunet.com/management/ville/chevru/ville-77113
Chevry-Cossigny (77173);https://www.journaldunet.com/management/ville/chevry-cossigny/ville-77114
Chevry-en-Sereine (77710);https://www.journaldunet.com/management/ville/chevry-en-sereine/ville-77115
Choisy-en-Brie (77320);https://www.journaldunet.com/management/ville/choisy-en-brie/ville-77116
Citry (77730);https://www.journaldunet.com/management/ville/citry/ville-77117
Claye-Souilly (77410);https://www.journaldunet.com/management/ville/claye-souilly/ville-77118
Clos-Fontaine (77370);https://www.journaldunet.com/management/ville/clos-fontaine/ville-77119
Cocherel (77440);https://www.journaldunet.com/management/ville/cocherel/ville-77120
Collégien (77090);https://www.journaldunet.com/management/ville/collegien/ville-77121
Combs-la-Ville (77380);https://www.journaldunet.com/management/ville/combs-la-ville/ville-77122
Compans (77290);https://www.journaldunet.com/management/ville/compans/ville-77123
Conches-sur-Gondoire (77600);https://www.journaldunet.com/management/ville/conches-sur-gondoire/ville-77124
Condé-Sainte-Libiaire (77450);https://www.journaldunet.com/management/ville/conde-sainte-libiaire/ville-77125
Congis-sur-Thérouanne (77440);https://www.journaldunet.com/management/ville/congis-sur-therouanne/ville-77126
Coubert (77170);https://www.journaldunet.com/management/ville/coubert/ville-77127
Couilly-Pont-aux-Dames (77860);https://www.journaldunet.com/management/ville/couilly-pont-aux-dames/ville-77128
Coulombs-en-Valois (77840);https://www.journaldunet.com/management/ville/coulombs-en-valois/ville-77129
Coulommes (77580);https://www.journaldunet.com/management/ville/coulommes/ville-77130
Coulommiers (77120);https://www.journaldunet.com/management/ville/coulommiers/ville-77131
Coupvray (77700);https://www.journaldunet.com/management/ville/coupvray/ville-77132
Courcelles-en-Bassée (77126);https://www.journaldunet.com/management/ville/courcelles-en-bassee/ville-77133
Courchamp (77560);https://www.journaldunet.com/management/ville/courchamp/ville-77134
Courpalay (77540);https://www.journaldunet.com/management/ville/courpalay/ville-77135
Courquetaine (77390);https://www.journaldunet.com/management/ville/courquetaine/ville-77136
Courtacon (77560);https://www.journaldunet.com/management/ville/courtacon/ville-77137
Courtomer (77390);https://www.journaldunet.com/management/ville/courtomer/ville-77138
Courtry (77181);https://www.journaldunet.com/management/ville/courtry/ville-77139
Coutençon (77154);https://www.journaldunet.com/management/ville/coutencon/ville-77140
Coutevroult (77580);https://www.journaldunet.com/management/ville/coutevroult/ville-77141
Crécy-la-Chapelle (77580);https://www.journaldunet.com/management/ville/crecy-la-chapelle/ville-77142
Crégy-lès-Meaux (77124);https://www.journaldunet.com/management/ville/cregy-les-meaux/ville-77143
Crèvecœur-en-Brie (77610);https://www.journaldunet.com/management/ville/crevecoeur-en-brie/ville-77144
Crisenoy (77390);https://www.journaldunet.com/management/ville/crisenoy/ville-77145
Croissy-Beaubourg (77183);https://www.journaldunet.com/management/ville/croissy-beaubourg/ville-77146
Crouy-sur-Ourcq (77840);https://www.journaldunet.com/management/ville/crouy-sur-ourcq/ville-77148
Cuisy (77165);https://www.journaldunet.com/management/ville/cuisy/ville-77150
Dagny (77320);https://www.journaldunet.com/management/ville/dagny/ville-77151
Dammarie-les-Lys (77190);https://www.journaldunet.com/management/ville/dammarie-les-lys/ville-77152
Dammartin-en-Goële (77230);https://www.journaldunet.com/management/ville/dammartin-en-goele/ville-77153
Dammartin-sur-Tigeaux (77163);https://www.journaldunet.com/management/ville/dammartin-sur-tigeaux/ville-77154
Dampmart (77400);https://www.journaldunet.com/management/ville/dampmart/ville-77155
Darvault (77140);https://www.journaldunet.com/management/ville/darvault/ville-77156
Dhuisy (77440);https://www.journaldunet.com/management/ville/dhuisy/ville-77157
Diant (77940);https://www.journaldunet.com/management/ville/diant/ville-77158
Donnemarie-Dontilly (77520);https://www.journaldunet.com/management/ville/donnemarie-dontilly/ville-77159
Dormelles (77130);https://www.journaldunet.com/management/ville/dormelles/ville-77161
Doue (77510);https://www.journaldunet.com/management/ville/doue/ville-77162
Douy-la-Ramée (77139);https://www.journaldunet.com/management/ville/douy-la-ramee/ville-77163
Échouboulains (77830);https://www.journaldunet.com/management/ville/echouboulains/ville-77164
Égligny (77126);https://www.journaldunet.com/management/ville/egligny/ville-77167
Égreville (77620);https://www.journaldunet.com/management/ville/egreville/ville-77168
Émerainville (77184);https://www.journaldunet.com/management/ville/emerainville/ville-77169
Esbly (77450);https://www.journaldunet.com/management/ville/esbly/ville-77171
Esmans (77940);https://www.journaldunet.com/management/ville/esmans/ville-77172
Étrépilly (77139);https://www.journaldunet.com/management/ville/etrepilly/ville-77173
Everly (77157);https://www.journaldunet.com/management/ville/everly/ville-77174
Évry-Grégy-sur-Yerre (77166);https://www.journaldunet.com/management/ville/evry-gregy-sur-yerre/ville-77175
Faremoutiers (77515);https://www.journaldunet.com/management/ville/faremoutiers/ville-77176
Favières (77220);https://www.journaldunet.com/management/ville/favieres/ville-77177
Faÿ-lès-Nemours (77167);https://www.journaldunet.com/management/ville/fay-les-nemours/ville-77178
Féricy (77133);https://www.journaldunet.com/management/ville/fericy/ville-77179
Férolles-Attilly (77150);https://www.journaldunet.com/management/ville/ferolles-attilly/ville-77180
Ferrières-en-Brie (77164);https://www.journaldunet.com/management/ville/ferrieres-en-brie/ville-77181
Flagy (77940);https://www.journaldunet.com/management/ville/flagy/ville-77184
Fleury-en-Bière (77930);https://www.journaldunet.com/management/ville/fleury-en-biere/ville-77185
Fontaine-Fourches (77480);https://www.journaldunet.com/management/ville/fontaine-fourches/ville-77187
Fontaine-le-Port (77590);https://www.journaldunet.com/management/ville/fontaine-le-port/ville-77188
Fontainebleau (77300);https://www.journaldunet.com/management/ville/fontainebleau/ville-77186
Fontains (77370);https://www.journaldunet.com/management/ville/fontains/ville-77190
Fontenailles (77370);https://www.journaldunet.com/management/ville/fontenailles/ville-77191
Fontenay-Trésigny (77610);https://www.journaldunet.com/management/ville/fontenay-tresigny/ville-77192
Forfry (77165);https://www.journaldunet.com/management/ville/forfry/ville-77193
Forges (77130);https://www.journaldunet.com/management/ville/forges/ville-77194
Fouju (77390);https://www.journaldunet.com/management/ville/fouju/ville-77195
Fresnes-sur-Marne (77410);https://www.journaldunet.com/management/ville/fresnes-sur-marne/ville-77196
Frétoy (77320);https://www.journaldunet.com/management/ville/fretoy/ville-77197
Fromont (77760);https://www.journaldunet.com/management/ville/fromont/ville-77198
Fublaines (77470);https://www.journaldunet.com/management/ville/fublaines/ville-77199
Garentreville (77890);https://www.journaldunet.com/management/ville/garentreville/ville-77200
Gastins (77370);https://www.journaldunet.com/management/ville/gastins/ville-77201
Germigny-l'Évêque (77910);https://www.journaldunet.com/management/ville/germigny-l-eveque/ville-77203
Germigny-sous-Coulombs (77840);https://www.journaldunet.com/management/ville/germigny-sous-coulombs/ville-77204
Gesvres-le-Chapitre (77165);https://www.journaldunet.com/management/ville/gesvres-le-chapitre/ville-77205
Giremoutiers (77120);https://www.journaldunet.com/management/ville/giremoutiers/ville-77206
Gironville (77890);https://www.journaldunet.com/management/ville/gironville/ville-77207
Gouaix (77114);https://www.journaldunet.com/management/ville/gouaix/ville-77208
Gouvernes (77400);https://www.journaldunet.com/management/ville/gouvernes/ville-77209
Grandpuits-Bailly-Carrois (77720);https://www.journaldunet.com/management/ville/grandpuits-bailly-carrois/ville-77211
Gravon (77118);https://www.journaldunet.com/management/ville/gravon/ville-77212
Gressy (77410);https://www.journaldunet.com/management/ville/gressy/ville-77214
Gretz-Armainvilliers (77220);https://www.journaldunet.com/management/ville/gretz-armainvilliers/ville-77215
Grez-sur-Loing (77880);https://www.journaldunet.com/management/ville/grez-sur-loing/ville-77216
Grisy-Suisnes (77166);https://www.journaldunet.com/management/ville/grisy-suisnes/ville-77217
Grisy-sur-Seine (77480);https://www.journaldunet.com/management/ville/grisy-sur-seine/ville-77218
Guérard (77580);https://www.journaldunet.com/management/ville/guerard/ville-77219
Guercheville (77760);https://www.journaldunet.com/management/ville/guercheville/ville-77220
Guermantes (77600);https://www.journaldunet.com/management/ville/guermantes/ville-77221
Guignes (77390);https://www.journaldunet.com/management/ville/guignes/ville-77222
Gurcy-le-Châtel (77520);https://www.journaldunet.com/management/ville/gurcy-le-chatel/ville-77223
Hautefeuille (77515);https://www.journaldunet.com/management/ville/hautefeuille/ville-77224
Héricy (77850);https://www.journaldunet.com/management/ville/hericy/ville-77226
Hermé (77114);https://www.journaldunet.com/management/ville/herme/ville-77227
Hondevilliers (77510);https://www.journaldunet.com/management/ville/hondevilliers/ville-77228
Ichy (77890);https://www.journaldunet.com/management/ville/ichy/ville-77230
Isles-les-Meldeuses (77440);https://www.journaldunet.com/management/ville/isles-les-meldeuses/ville-77231
Isles-lès-Villenoy (77450);https://www.journaldunet.com/management/ville/isles-les-villenoy/ville-77232
Iverny (77165);https://www.journaldunet.com/management/ville/iverny/ville-77233
Jablines (77450);https://www.journaldunet.com/management/ville/jablines/ville-77234
Jaignes (77440);https://www.journaldunet.com/management/ville/jaignes/ville-77235
Jaulnes (77480);https://www.journaldunet.com/management/ville/jaulnes/ville-77236
Jossigny (77600);https://www.journaldunet.com/management/ville/jossigny/ville-77237
Jouarre (77640);https://www.journaldunet.com/management/ville/jouarre/ville-77238
Jouy-le-Châtel (77970);https://www.journaldunet.com/management/ville/jouy-le-chatel/ville-77239
Jouy-sur-Morin (77320);https://www.journaldunet.com/management/ville/jouy-sur-morin/ville-77240
Juilly (77230);https://www.journaldunet.com/management/ville/juilly/ville-77241
Jutigny (77650);https://www.journaldunet.com/management/ville/jutigny/ville-77242
La Brosse-Montceaux (77940);https://www.journaldunet.com/management/ville/la-brosse-montceaux/ville-77054
La Celle-sur-Morin (77515);https://www.journaldunet.com/management/ville/la-celle-sur-morin/ville-77063
La Chapelle-Gauthier (77720);https://www.journaldunet.com/management/ville/la-chapelle-gauthier/ville-77086
La Chapelle-Iger (77540);https://www.journaldunet.com/management/ville/la-chapelle-iger/ville-77087
La Chapelle-la-Reine (77760);https://www.journaldunet.com/management/ville/la-chapelle-la-reine/ville-77088
La Chapelle-Moutils (77320);https://www.journaldunet.com/management/ville/la-chapelle-moutils/ville-77093
La Chapelle-Rablais (77370);https://www.journaldunet.com/management/ville/la-chapelle-rablais/ville-77089
La Chapelle-Saint-Sulpice (77160);https://www.journaldunet.com/management/ville/la-chapelle-saint-sulpice/ville-77090
La Croix-en-Brie (77370);https://www.journaldunet.com/management/ville/la-croix-en-brie/ville-77147
La Ferté-Gaucher (77320);https://www.journaldunet.com/management/ville/la-ferte-gaucher/ville-77182
La Ferté-sous-Jouarre (77260);https://www.journaldunet.com/management/ville/la-ferte-sous-jouarre/ville-77183
La Genevraye (77690);https://www.journaldunet.com/management/ville/la-genevraye/ville-77202
La Grande-Paroisse (77130);https://www.journaldunet.com/management/ville/la-grande-paroisse/ville-77210
La Haute-Maison (77580);https://www.journaldunet.com/management/ville/la-haute-maison/ville-77225
La Houssaye-en-Brie (77610);https://www.journaldunet.com/management/ville/la-houssaye-en-brie/ville-77229
La Madeleine-sur-Loing (77570);https://www.journaldunet.com/management/ville/la-madeleine-sur-loing/ville-77267
La Rochette (77000);https://www.journaldunet.com/management/ville/la-rochette/ville-77389
La Tombe (77130);https://www.journaldunet.com/management/ville/la-tombe/ville-77467
La Trétoire (77510);https://www.journaldunet.com/management/ville/la-tretoire/ville-77472
Lagny-sur-Marne (77400);https://www.journaldunet.com/management/ville/lagny-sur-marne/ville-77243
Larchant (77760);https://www.journaldunet.com/management/ville/larchant/ville-77244
Laval-en-Brie (77148);https://www.journaldunet.com/management/ville/laval-en-brie/ville-77245
Le Châtelet-en-Brie (77820);https://www.journaldunet.com/management/ville/le-chatelet-en-brie/ville-77100
Le Mée-sur-Seine (77350);https://www.journaldunet.com/management/ville/le-mee-sur-seine/ville-77285
Le Mesnil-Amelot (77990);https://www.journaldunet.com/management/ville/le-mesnil-amelot/ville-77291
Le Pin (77181);https://www.journaldunet.com/management/ville/le-pin/ville-77363
Le Plessis-aux-Bois (77165);https://www.journaldunet.com/management/ville/le-plessis-aux-bois/ville-77364
Le Plessis-Feu-Aussoux (77540);https://www.journaldunet.com/management/ville/le-plessis-feu-aussoux/ville-77365
Le Plessis-l'Évêque (77165);https://www.journaldunet.com/management/ville/le-plessis-l-eveque/ville-77366
Le Plessis-Placy (77440);https://www.journaldunet.com/management/ville/le-plessis-placy/ville-77367
Le Vaudoué (77123);https://www.journaldunet.com/management/ville/le-vaudoue/ville-77485
Léchelle (77171);https://www.journaldunet.com/management/ville/lechelle/ville-77246
Les Chapelles-Bourbon (77610);https://www.journaldunet.com/management/ville/les-chapelles-bourbon/ville-77091
Les Écrennes (77820);https://www.journaldunet.com/management/ville/les-ecrennes/ville-77165
Les Marêts (77560);https://www.journaldunet.com/management/ville/les-marets/ville-77275
Les Ormes-sur-Voulzie (77134);https://www.journaldunet.com/management/ville/les-ormes-sur-voulzie/ville-77347
Lescherolles (77320);https://www.journaldunet.com/management/ville/lescherolles/ville-77247
Lesches (77450);https://www.journaldunet.com/management/ville/lesches/ville-77248
Lésigny (77150);https://www.journaldunet.com/management/ville/lesigny/ville-77249
Leudon-en-Brie (77320);https://www.journaldunet.com/management/ville/leudon-en-brie/ville-77250
Lieusaint (77127);https://www.journaldunet.com/management/ville/lieusaint/ville-77251
Limoges-Fourches (77550);https://www.journaldunet.com/management/ville/limoges-fourches/ville-77252
Lissy (77550);https://www.journaldunet.com/management/ville/lissy/ville-77253
Liverdy-en-Brie (77220);https://www.journaldunet.com/management/ville/liverdy-en-brie/ville-77254
Livry-sur-Seine (77000);https://www.journaldunet.com/management/ville/livry-sur-seine/ville-77255
Lizines (77650);https://www.journaldunet.com/management/ville/lizines/ville-77256
Lizy-sur-Ourcq (77440);https://www.journaldunet.com/management/ville/lizy-sur-ourcq/ville-77257
Lognes (77185);https://www.journaldunet.com/management/ville/lognes/ville-77258
Longperrier (77230);https://www.journaldunet.com/management/ville/longperrier/ville-77259
Longueville (77650);https://www.journaldunet.com/management/ville/longueville/ville-77260
Lorrez-le-Bocage-Préaux (77710);https://www.journaldunet.com/management/ville/lorrez-le-bocage-preaux/ville-77261
Louan-Villegruis-Fontaine (77560);https://www.journaldunet.com/management/ville/louan-villegruis-fontaine/ville-77262
Luisetaines (77520);https://www.journaldunet.com/management/ville/luisetaines/ville-77263
Lumigny-Nesles-Ormeaux (77540);https://www.journaldunet.com/management/ville/lumigny-nesles-ormeaux/ville-77264
Luzancy (77138);https://www.journaldunet.com/management/ville/luzancy/ville-77265
Machault (77133);https://www.journaldunet.com/management/ville/machault/ville-77266
Magny-le-Hongre (77700);https://www.journaldunet.com/management/ville/magny-le-hongre/ville-77268
Maincy (77950);https://www.journaldunet.com/management/ville/maincy/ville-77269
Maison-Rouge (77370);https://www.journaldunet.com/management/ville/maison-rouge/ville-77272
Maisoncelles-en-Brie (77580);https://www.journaldunet.com/management/ville/maisoncelles-en-brie/ville-77270
Maisoncelles-en-Gâtinais (77570);https://www.journaldunet.com/management/ville/maisoncelles-en-gatinais/ville-77271
Marchémoret (77230);https://www.journaldunet.com/management/ville/marchemoret/ville-77273
Marcilly (77139);https://www.journaldunet.com/management/ville/marcilly/ville-77274
Mareuil-lès-Meaux (77100);https://www.journaldunet.com/management/ville/mareuil-les-meaux/ville-77276
Marles-en-Brie (77610);https://www.journaldunet.com/management/ville/marles-en-brie/ville-77277
Marolles-en-Brie (77120);https://www.journaldunet.com/management/ville/marolles-en-brie/ville-77278
Marolles-sur-Seine (77130);https://www.journaldunet.com/management/ville/marolles-sur-seine/ville-77279
Mary-sur-Marne (77440);https://www.journaldunet.com/management/ville/mary-sur-marne/ville-77280
Mauperthuis (77120);https://www.journaldunet.com/management/ville/mauperthuis/ville-77281
Mauregard (77990);https://www.journaldunet.com/management/ville/mauregard/ville-77282
May-en-Multien (77145);https://www.journaldunet.com/management/ville/may-en-multien/ville-77283
Meaux (77100);https://www.journaldunet.com/management/ville/meaux/ville-77284
Meigneux (77520);https://www.journaldunet.com/management/ville/meigneux/ville-77286
Meilleray (77320);https://www.journaldunet.com/management/ville/meilleray/ville-77287
Melun (77000);https://www.journaldunet.com/management/ville/melun/ville-77288
Melz-sur-Seine (77171);https://www.journaldunet.com/management/ville/melz-sur-seine/ville-77289
Méry-sur-Marne (77730);https://www.journaldunet.com/management/ville/mery-sur-marne/ville-77290
Messy (77410);https://www.journaldunet.com/management/ville/messy/ville-77292
Misy-sur-Yonne (77130);https://www.journaldunet.com/management/ville/misy-sur-yonne/ville-77293
Mitry-Mory (77290);https://www.journaldunet.com/management/ville/mitry-mory/ville-77294
Moisenay (77950);https://www.journaldunet.com/management/ville/moisenay/ville-77295
Moissy-Cramayel (77550);https://www.journaldunet.com/management/ville/moissy-cramayel/ville-77296
Mondreville (77570);https://www.journaldunet.com/management/ville/mondreville/ville-77297
Mons-en-Montois (77520);https://www.journaldunet.com/management/ville/mons-en-montois/ville-77298
Montceaux-lès-Meaux (77470);https://www.journaldunet.com/management/ville/montceaux-les-meaux/ville-77300
Montceaux-lès-Provins (77151);https://www.journaldunet.com/management/ville/montceaux-les-provins/ville-77301
Montcourt-Fromonville (77140);https://www.journaldunet.com/management/ville/montcourt-fromonville/ville-77302
Montdauphin (77320);https://www.journaldunet.com/management/ville/montdauphin/ville-77303
Montenils (77320);https://www.journaldunet.com/management/ville/montenils/ville-77304
Montereau-Fault-Yonne (77130);https://www.journaldunet.com/management/ville/montereau-fault-yonne/ville-77305
Montereau-sur-le-Jard (77950);https://www.journaldunet.com/management/ville/montereau-sur-le-jard/ville-77306
Montévrain (77144);https://www.journaldunet.com/management/ville/montevrain/ville-77307
Montgé-en-Goële (77230);https://www.journaldunet.com/management/ville/montge-en-goele/ville-77308
Monthyon (77122);https://www.journaldunet.com/management/ville/monthyon/ville-77309
Montigny-le-Guesdier (77480);https://www.journaldunet.com/management/ville/montigny-le-guesdier/ville-77310
Montigny-Lencoup (77520);https://www.journaldunet.com/management/ville/montigny-lencoup/ville-77311
Montigny-sur-Loing (77690);https://www.journaldunet.com/management/ville/montigny-sur-loing/ville-77312
Montmachoux (77940);https://www.journaldunet.com/management/ville/montmachoux/ville-77313
Montolivet (77320);https://www.journaldunet.com/management/ville/montolivet/ville-77314
Montry (77450);https://www.journaldunet.com/management/ville/montry/ville-77315
Moret-Loing-et-Orvanne (77250);https://www.journaldunet.com/management/ville/moret-loing-et-orvanne/ville-77316
Mormant (77720);https://www.journaldunet.com/management/ville/mormant/ville-77317
Mortcerf (77163);https://www.journaldunet.com/management/ville/mortcerf/ville-77318
Mortery (77160);https://www.journaldunet.com/management/ville/mortery/ville-77319
Mouroux (77120);https://www.journaldunet.com/management/ville/mouroux/ville-77320
Mousseaux-lès-Bray (77480);https://www.journaldunet.com/management/ville/mousseaux-les-bray/ville-77321
Moussy-le-Neuf (77230);https://www.journaldunet.com/management/ville/moussy-le-neuf/ville-77322
Moussy-le-Vieux (77230);https://www.journaldunet.com/management/ville/moussy-le-vieux/ville-77323
Mouy-sur-Seine (77480);https://www.journaldunet.com/management/ville/mouy-sur-seine/ville-77325
Nandy (77176);https://www.journaldunet.com/management/ville/nandy/ville-77326
Nangis (77370);https://www.journaldunet.com/management/ville/nangis/ville-77327
Nanteau-sur-Essonne (77760);https://www.journaldunet.com/management/ville/nanteau-sur-essonne/ville-77328
Nanteau-sur-Lunain (77710);https://www.journaldunet.com/management/ville/nanteau-sur-lunain/ville-77329
Nanteuil-lès-Meaux (77100);https://www.journaldunet.com/management/ville/nanteuil-les-meaux/ville-77330
Nanteuil-sur-Marne (77730);https://www.journaldunet.com/management/ville/nanteuil-sur-marne/ville-77331
Nantouillet (77230);https://www.journaldunet.com/management/ville/nantouillet/ville-77332
Nemours (77140);https://www.journaldunet.com/management/ville/nemours/ville-77333
Neufmoutiers-en-Brie (77610);https://www.journaldunet.com/management/ville/neufmoutiers-en-brie/ville-77336
Noisiel (77186);https://www.journaldunet.com/management/ville/noisiel/ville-77337
Noisy-Rudignon (77940);https://www.journaldunet.com/management/ville/noisy-rudignon/ville-77338
Noisy-sur-École (77123);https://www.journaldunet.com/management/ville/noisy-sur-ecole/ville-77339
Nonville (77140);https://www.journaldunet.com/management/ville/nonville/ville-77340
Noyen-sur-Seine (77114);https://www.journaldunet.com/management/ville/noyen-sur-seine/ville-77341
Obsonville (77890);https://www.journaldunet.com/management/ville/obsonville/ville-77342
Ocquerre (77440);https://www.journaldunet.com/management/ville/ocquerre/ville-77343
Oissery (77178);https://www.journaldunet.com/management/ville/oissery/ville-77344
Orly-sur-Morin (77750);https://www.journaldunet.com/management/ville/orly-sur-morin/ville-77345
Ormesson (77167);https://www.journaldunet.com/management/ville/ormesson/ville-77348
Othis (77280);https://www.journaldunet.com/management/ville/othis/ville-77349
Ozoir-la-Ferrière (77330);https://www.journaldunet.com/management/ville/ozoir-la-ferriere/ville-77350
Ozouer-le-Voulgis (77390);https://www.journaldunet.com/management/ville/ozouer-le-voulgis/ville-77352
Paley (77710);https://www.journaldunet.com/management/ville/paley/ville-77353
Pamfou (77830);https://www.journaldunet.com/management/ville/pamfou/ville-77354
Paroy (77520);https://www.journaldunet.com/management/ville/paroy/ville-77355
Passy-sur-Seine (77480);https://www.journaldunet.com/management/ville/passy-sur-seine/ville-77356
Pécy (77970);https://www.journaldunet.com/management/ville/pecy/ville-77357
Penchard (77124);https://www.journaldunet.com/management/ville/penchard/ville-77358
Perthes (77930);https://www.journaldunet.com/management/ville/perthes/ville-77359
Pézarches (77131);https://www.journaldunet.com/management/ville/pezarches/ville-77360
Pierre-Levée (77580);https://www.journaldunet.com/management/ville/pierre-levee/ville-77361
Poigny (77160);https://www.journaldunet.com/management/ville/poigny/ville-77368
Poincy (77470);https://www.journaldunet.com/management/ville/poincy/ville-77369
Poligny (77167);https://www.journaldunet.com/management/ville/poligny/ville-77370
Pommeuse (77515);https://www.journaldunet.com/management/ville/pommeuse/ville-77371
Pomponne (77400);https://www.journaldunet.com/management/ville/pomponne/ville-77372
Pontault-Combault (77340);https://www.journaldunet.com/management/ville/pontault-combault/ville-77373
Pontcarré (77135);https://www.journaldunet.com/management/ville/pontcarre/ville-77374
Précy-sur-Marne (77410);https://www.journaldunet.com/management/ville/precy-sur-marne/ville-77376
Presles-en-Brie (77220);https://www.journaldunet.com/management/ville/presles-en-brie/ville-77377
Pringy (77310);https://www.journaldunet.com/management/ville/pringy/ville-77378
Provins (77160);https://www.journaldunet.com/management/ville/provins/ville-77379
Puisieux (77139);https://www.journaldunet.com/management/ville/puisieux/ville-77380
Quiers (77720);https://www.journaldunet.com/management/ville/quiers/ville-77381
Quincy-Voisins (77860);https://www.journaldunet.com/management/ville/quincy-voisins/ville-77382
Rampillon (77370);https://www.journaldunet.com/management/ville/rampillon/ville-77383
Réau (77550);https://www.journaldunet.com/management/ville/reau/ville-77384
Rebais (77510);https://www.journaldunet.com/management/ville/rebais/ville-77385
Recloses (77760);https://www.journaldunet.com/management/ville/recloses/ville-77386
Remauville (77710);https://www.journaldunet.com/management/ville/remauville/ville-77387
Reuil-en-Brie (77260);https://www.journaldunet.com/management/ville/reuil-en-brie/ville-77388
Roissy-en-Brie (77680);https://www.journaldunet.com/management/ville/roissy-en-brie/ville-77390
Rouilly (77160);https://www.journaldunet.com/management/ville/rouilly/ville-77391
Rouvres (77230);https://www.journaldunet.com/management/ville/rouvres/ville-77392
Rozay-en-Brie (77540);https://www.journaldunet.com/management/ville/rozay-en-brie/ville-77393
Rubelles (77950);https://www.journaldunet.com/management/ville/rubelles/ville-77394
Rumont (77760);https://www.journaldunet.com/management/ville/rumont/ville-77395
Rupéreux (77560);https://www.journaldunet.com/management/ville/rupereux/ville-77396
Saâcy-sur-Marne (77730);https://www.journaldunet.com/management/ville/saacy-sur-marne/ville-77397
Sablonnières (77510);https://www.journaldunet.com/management/ville/sablonnieres/ville-77398
Saint-Augustin (77515);https://www.journaldunet.com/management/ville/saint-augustin/ville-77400
Saint-Barthélemy (77320);https://www.journaldunet.com/management/ville/saint-barthelemy/ville-77402
Saint-Brice (77160);https://www.journaldunet.com/management/ville/saint-brice/ville-77403
Saint-Cyr-sur-Morin (77750);https://www.journaldunet.com/management/ville/saint-cyr-sur-morin/ville-77405
Saint-Denis-lès-Rebais (77510);https://www.journaldunet.com/management/ville/saint-denis-les-rebais/ville-77406
Saint-Fargeau-Ponthierry (77310);https://www.journaldunet.com/management/ville/saint-fargeau-ponthierry/ville-77407
Saint-Fiacre (77470);https://www.journaldunet.com/management/ville/saint-fiacre/ville-77408
Saint-Germain-Laval (77130);https://www.journaldunet.com/management/ville/saint-germain-laval/ville-77409
Saint-Germain-Laxis (77950);https://www.journaldunet.com/management/ville/saint-germain-laxis/ville-77410
Saint-Germain-sous-Doue (77169);https://www.journaldunet.com/management/ville/saint-germain-sous-doue/ville-77411
Saint-Germain-sur-École (77930);https://www.journaldunet.com/management/ville/saint-germain-sur-ecole/ville-77412
Saint-Germain-sur-Morin (77860);https://www.journaldunet.com/management/ville/saint-germain-sur-morin/ville-77413
Saint-Hilliers (77160);https://www.journaldunet.com/management/ville/saint-hilliers/ville-77414
Saint-Jean-les-Deux-Jumeaux (77660);https://www.journaldunet.com/management/ville/saint-jean-les-deux-jumeaux/ville-77415
Saint-Just-en-Brie (77370);https://www.journaldunet.com/management/ville/saint-just-en-brie/ville-77416
Saint-Léger (77510);https://www.journaldunet.com/management/ville/saint-leger/ville-77417
Saint-Loup-de-Naud (77650);https://www.journaldunet.com/management/ville/saint-loup-de-naud/ville-77418
Saint-Mammès (77670);https://www.journaldunet.com/management/ville/saint-mammes/ville-77419
Saint-Mard (77230);https://www.journaldunet.com/management/ville/saint-mard/ville-77420
Saint-Mars-Vieux-Maisons (77320);https://www.journaldunet.com/management/ville/saint-mars-vieux-maisons/ville-77421
Saint-Martin-des-Champs (77320);https://www.journaldunet.com/management/ville/saint-martin-des-champs/ville-77423
Saint-Martin-du-Boschet (77320);https://www.journaldunet.com/management/ville/saint-martin-du-boschet/ville-77424
Saint-Martin-en-Bière (77630);https://www.journaldunet.com/management/ville/saint-martin-en-biere/ville-77425
Saint-Méry (77720);https://www.journaldunet.com/management/ville/saint-mery/ville-77426
Saint-Mesmes (77410);https://www.journaldunet.com/management/ville/saint-mesmes/ville-77427
Saint-Ouen-en-Brie (77720);https://www.journaldunet.com/management/ville/saint-ouen-en-brie/ville-77428
Saint-Ouen-sur-Morin (77750);https://www.journaldunet.com/management/ville/saint-ouen-sur-morin/ville-77429
Saint-Pathus (77178);https://www.journaldunet.com/management/ville/saint-pathus/ville-77430
Saint-Pierre-lès-Nemours (77140);https://www.journaldunet.com/management/ville/saint-pierre-les-nemours/ville-77431
Saint-Rémy-la-Vanne (77320);https://www.journaldunet.com/management/ville/saint-remy-la-vanne/ville-77432
Saint-Sauveur-lès-Bray (77480);https://www.journaldunet.com/management/ville/saint-sauveur-les-bray/ville-77434
Saint-Sauveur-sur-École (77930);https://www.journaldunet.com/management/ville/saint-sauveur-sur-ecole/ville-77435
Saint-Siméon (77169);https://www.journaldunet.com/management/ville/saint-simeon/ville-77436
Saint-Soupplets (77165);https://www.journaldunet.com/management/ville/saint-soupplets/ville-77437
Saint-Thibault-des-Vignes (77400);https://www.journaldunet.com/management/ville/saint-thibault-des-vignes/ville-77438
Sainte-Aulde (77260);https://www.journaldunet.com/management/ville/sainte-aulde/ville-77401
Sainte-Colombe (77650);https://www.journaldunet.com/management/ville/sainte-colombe/ville-77404
Salins (77148);https://www.journaldunet.com/management/ville/salins/ville-77439
Sammeron (77260);https://www.journaldunet.com/management/ville/sammeron/ville-77440
Samois-sur-Seine (77920);https://www.journaldunet.com/management/ville/samois-sur-seine/ville-77441
Samoreau (77210);https://www.journaldunet.com/management/ville/samoreau/ville-77442
Sancy (77580);https://www.journaldunet.com/management/ville/sancy/ville-77443
Sancy-lès-Provins (77320);https://www.journaldunet.com/management/ville/sancy-les-provins/ville-77444
Savigny-le-Temple (77176);https://www.journaldunet.com/management/ville/savigny-le-temple/ville-77445
Savins (77650);https://www.journaldunet.com/management/ville/savins/ville-77446
Seine-Port (77240);https://www.journaldunet.com/management/ville/seine-port/ville-77447
Sept-Sorts (77260);https://www.journaldunet.com/management/ville/sept-sorts/ville-77448
Serris (77700);https://www.journaldunet.com/management/ville/serris/ville-77449
Servon (77170);https://www.journaldunet.com/management/ville/servon/ville-77450
Signy-Signets (77640);https://www.journaldunet.com/management/ville/signy-signets/ville-77451
Sigy (77520);https://www.journaldunet.com/management/ville/sigy/ville-77452
Sivry-Courtry (77115);https://www.journaldunet.com/management/ville/sivry-courtry/ville-77453
Sognolles-en-Montois (77520);https://www.journaldunet.com/management/ville/sognolles-en-montois/ville-77454
Soignolles-en-Brie (77111);https://www.journaldunet.com/management/ville/soignolles-en-brie/ville-77455
Soisy-Bouy (77650);https://www.journaldunet.com/management/ville/soisy-bouy/ville-77456
Solers (77111);https://www.journaldunet.com/management/ville/solers/ville-77457
Souppes-sur-Loing (77460);https://www.journaldunet.com/management/ville/souppes-sur-loing/ville-77458
Sourdun (77171);https://www.journaldunet.com/management/ville/sourdun/ville-77459
Tancrou (77440);https://www.journaldunet.com/management/ville/tancrou/ville-77460
Thénisy (77520);https://www.journaldunet.com/management/ville/thenisy/ville-77461
Thieux (77230);https://www.journaldunet.com/management/ville/thieux/ville-77462
Thomery (77810);https://www.journaldunet.com/management/ville/thomery/ville-77463
Thorigny-sur-Marne (77400);https://www.journaldunet.com/management/ville/thorigny-sur-marne/ville-77464
Thoury-Férottes (77940);https://www.journaldunet.com/management/ville/thoury-ferottes/ville-77465
Tigeaux (77163);https://www.journaldunet.com/management/ville/tigeaux/ville-77466
Torcy (77200);https://www.journaldunet.com/management/ville/torcy/ville-77468
Touquin (77131);https://www.journaldunet.com/management/ville/touquin/ville-77469
Tournan-en-Brie (77220);https://www.journaldunet.com/management/ville/tournan-en-brie/ville-77470
Tousson (77123);https://www.journaldunet.com/management/ville/tousson/ville-77471
Treuzy-Levelay (77710);https://www.journaldunet.com/management/ville/treuzy-levelay/ville-77473
Trilbardou (77450);https://www.journaldunet.com/management/ville/trilbardou/ville-77474
Trilport (77470);https://www.journaldunet.com/management/ville/trilport/ville-77475
Trocy-en-Multien (77440);https://www.journaldunet.com/management/ville/trocy-en-multien/ville-77476
Ury (77760);https://www.journaldunet.com/management/ville/ury/ville-77477
Ussy-sur-Marne (77260);https://www.journaldunet.com/management/ville/ussy-sur-marne/ville-77478
Vaires-sur-Marne (77360);https://www.journaldunet.com/management/ville/vaires-sur-marne/ville-77479
Valence-en-Brie (77830);https://www.journaldunet.com/management/ville/valence-en-brie/ville-77480
Vanvillé (77370);https://www.journaldunet.com/management/ville/vanville/ville-77481
Varennes-sur-Seine (77130);https://www.journaldunet.com/management/ville/varennes-sur-seine/ville-77482
Varreddes (77910);https://www.journaldunet.com/management/ville/varreddes/ville-77483
Vaucourtois (77580);https://www.journaldunet.com/management/ville/vaucourtois/ville-77484
Vaudoy-en-Brie (77141);https://www.journaldunet.com/management/ville/vaudoy-en-brie/ville-77486
Vaux-le-Pénil (77000);https://www.journaldunet.com/management/ville/vaux-le-penil/ville-77487
Vaux-sur-Lunain (77710);https://www.journaldunet.com/management/ville/vaux-sur-lunain/ville-77489
Vendrest (77440);https://www.journaldunet.com/management/ville/vendrest/ville-77490
Verdelot (77510);https://www.journaldunet.com/management/ville/verdelot/ville-77492
Verneuil-l'Étang (77390);https://www.journaldunet.com/management/ville/verneuil-l-etang/ville-77493
Vernou-la-Celle-sur-Seine (77670);https://www.journaldunet.com/management/ville/vernou-la-celle-sur-seine/ville-77494
Vert-Saint-Denis (77240);https://www.journaldunet.com/management/ville/vert-saint-denis/ville-77495
Vieux-Champagne (77370);https://www.journaldunet.com/management/ville/vieux-champagne/ville-77496
Vignely (77450);https://www.journaldunet.com/management/ville/vignely/ville-77498
Ville-Saint-Jacques (77130);https://www.journaldunet.com/management/ville/ville-saint-jacques/ville-77516
Villebéon (77710);https://www.journaldunet.com/management/ville/villebeon/ville-77500
Villecerf (77250);https://www.journaldunet.com/management/ville/villecerf/ville-77501
Villemaréchal (77710);https://www.journaldunet.com/management/ville/villemarechal/ville-77504
Villemareuil (77470);https://www.journaldunet.com/management/ville/villemareuil/ville-77505
Villemer (77250);https://www.journaldunet.com/management/ville/villemer/ville-77506
Villenauxe-la-Petite (77480);https://www.journaldunet.com/management/ville/villenauxe-la-petite/ville-77507
Villeneuve-le-Comte (77174);https://www.journaldunet.com/management/ville/villeneuve-le-comte/ville-77508
Villeneuve-les-Bordes (77154);https://www.journaldunet.com/management/ville/villeneuve-les-bordes/ville-77509
Villeneuve-Saint-Denis (77174);https://www.journaldunet.com/management/ville/villeneuve-saint-denis/ville-77510
Villeneuve-sous-Dammartin (77230);https://www.journaldunet.com/management/ville/villeneuve-sous-dammartin/ville-77511
Villeneuve-sur-Bellot (77510);https://www.journaldunet.com/management/ville/villeneuve-sur-bellot/ville-77512
Villenoy (77124);https://www.journaldunet.com/management/ville/villenoy/ville-77513
Villeparisis (77270);https://www.journaldunet.com/management/ville/villeparisis/ville-77514
Villeroy (77410);https://www.journaldunet.com/management/ville/villeroy/ville-77515
Villevaudé (77410);https://www.journaldunet.com/management/ville/villevaude/ville-77517
Villiers-en-Bière (77190);https://www.journaldunet.com/management/ville/villiers-en-biere/ville-77518
Villiers-Saint-Georges (77560);https://www.journaldunet.com/management/ville/villiers-saint-georges/ville-77519
Villiers-sous-Grez (77760);https://www.journaldunet.com/management/ville/villiers-sous-grez/ville-77520
Villiers-sur-Morin (77580);https://www.journaldunet.com/management/ville/villiers-sur-morin/ville-77521
Villiers-sur-Seine (77114);https://www.journaldunet.com/management/ville/villiers-sur-seine/ville-77522
Villuis (77480);https://www.journaldunet.com/management/ville/villuis/ville-77523
Vimpelles (77520);https://www.journaldunet.com/management/ville/vimpelles/ville-77524
Vinantes (77230);https://www.journaldunet.com/management/ville/vinantes/ville-77525
Vincy-Manœuvre (77139);https://www.journaldunet.com/management/ville/vincy-manoeuvre/ville-77526
Voinsles (77540);https://www.journaldunet.com/management/ville/voinsles/ville-77527
Voisenon (77950);https://www.journaldunet.com/management/ville/voisenon/ville-77528
Voulangis (77580);https://www.journaldunet.com/management/ville/voulangis/ville-77529
Voulton (77560);https://www.journaldunet.com/management/ville/voulton/ville-77530
Voulx (77940);https://www.journaldunet.com/management/ville/voulx/ville-77531
Vulaines-lès-Provins (77160);https://www.journaldunet.com/management/ville/vulaines-les-provins/ville-77532
Vulaines-sur-Seine (77870);https://www.journaldunet.com/management/ville/vulaines-sur-seine/ville-77533
Yèbles (77390);https://www.journaldunet.com/management/ville/yebles/ville-77534
